--La Casa Pasta
INSERT INTO public."Brand"(
	"NameLabelCode", "DescriptionLabelCode","ImageFileLabelCode", "Tax", "Status")
	VALUES ('f9e9aebe-552c-44cd-ab28-152fe897b09a', 'a9559889-f277-4002-ae30-86c997a1a2b5','f1d08f4d-4e77-48ce-94f2-7f266eb581ee', 15, 0);
	
INSERT INTO public."POSBrand"(
	"POSSystemId", "BrandId", "ConceptId", "LicenseCode", "Status", "POSBrandId")
	VALUES (1, 1, 1, 'Web', 0, 1);
	
INSERT INTO public."LanguageResource"(
	"Code", "Value", "LanguageKey", "Status")
	VALUES ('f9e9aebe-552c-44cd-ab28-152fe897b09a', 'كازا باستا', 0, 0);

INSERT INTO public."LanguageResource"(
	"Code", "Value", "LanguageKey", "Status")
	VALUES ('f9e9aebe-552c-44cd-ab28-152fe897b09a', 'La Casa Pasta', 1, 0);
	
--Chick 'N' Dip
INSERT INTO public."Brand"(
	"NameLabelCode", "DescriptionLabelCode","ImageFileLabelCode", "Tax", "Status")
	VALUES ('f9e9aebe-552c-44cd-ab28-152fe897b09b', 'a9559889-f277-4002-ae30-86c997a1a2b8','f1d08f4d-4e77-48ce-94f2-7f266eb581ef', 15, 0);
	
INSERT INTO public."POSBrand"(
	"POSSystemId", "BrandId", "ConceptId", "LicenseCode", "Status", "POSBrandId")
	VALUES (1, 2, 3, 'Web', 0, 2);
	
INSERT INTO public."LanguageResource"(
	"Code", "Value", "LanguageKey", "Status")
	VALUES ('f9e9aebe-552c-44cd-ab28-152fe897b09b', 'تشيك إن ديب', 0, 0);

INSERT INTO public."LanguageResource"(
	"Code", "Value", "LanguageKey", "Status")
	VALUES ('f9e9aebe-552c-44cd-ab28-152fe897b09b', 'Chick "N" Dip', 1, 0);

--Okashi
INSERT INTO public."Brand"(
	"NameLabelCode", "DescriptionLabelCode","ImageFileLabelCode", "Tax", "Status")
	VALUES ('f9e9aebe-552c-44cd-ab28-152fe897b09c', 'a9559889-f277-4002-ae30-86c997a1a2b9','f1d08f4d-4e77-48ce-94f2-7f266eb581e1', 15, 0);
	
INSERT INTO public."POSBrand"(
	"POSSystemId", "BrandId", "ConceptId", "LicenseCode", "Status", "POSBrandId")
	VALUES (1, 3, 2, 'Web', 0, 3);
	
INSERT INTO public."LanguageResource"(
	"Code", "Value", "LanguageKey", "Status")
	VALUES ('f9e9aebe-552c-44cd-ab28-152fe897b09c', 'أوكاشي', 0, 0);

INSERT INTO public."LanguageResource"(
	"Code", "Value", "LanguageKey", "Status")
	VALUES ('f9e9aebe-552c-44cd-ab28-152fe897b09c', 'Okashi', 1, 0);
	
--Mr.Frise
INSERT INTO public."Brand"(
	"NameLabelCode", "DescriptionLabelCode","ImageFileLabelCode", "Tax", "Status")
	VALUES ('f9e9aebe-552c-44cd-ab28-152fe897b09d', 'a9559889-f277-4002-ae30-86c997a1a2b0','f1d08f4d-4e77-48ce-94f2-7f266eb581e2', 15, 0);
	
INSERT INTO public."POSBrand"(
	"POSSystemId", "BrandId", "ConceptId", "LicenseCode", "Status", "POSBrandId")
	VALUES (1, 4, 4, 'Web', 0, 4);
	
INSERT INTO public."LanguageResource"(
	"Code", "Value", "LanguageKey", "Status")
	VALUES ('f9e9aebe-552c-44cd-ab28-152fe897b09d', 'مستر فريز', 0, 0);

INSERT INTO public."LanguageResource"(
	"Code", "Value", "LanguageKey", "Status")
	VALUES ('f9e9aebe-552c-44cd-ab28-152fe897b09d', 'Mr.Frise', 1, 0);
	
--KFC Brand
INSERT INTO public."Brand"(
	"NameLabelCode", "DescriptionLabelCode","ImageFileLabelCode", "Tax", "Status")
	VALUES ('f9e9aebe-552c-44cd-ab28-152fe897b09e', 'a9559889-f277-4002-ae30-86c997a1a2c1','f1d08f4d-4e77-48ce-94f2-7f266eb5f1e2', 15, 0);
	
INSERT INTO public."POSBrand"(
	"POSSystemId", "BrandId", "ConceptId", "LicenseCode", "Status", "POSBrandId")
	VALUES (1, 5, NULL, 'Web', 0, 5);
	
INSERT INTO public."LanguageResource"(
	"Code", "Value", "LanguageKey", "Status")
	VALUES ('f9e9aebe-552c-44cd-ab28-152fe897b09e', 'KFC Brand', 0, 0);

INSERT INTO public."LanguageResource"(
	"Code", "Value", "LanguageKey", "Status")
	VALUES ('f9e9aebe-552c-44cd-ab28-152fe897b09e', 'KFC Brand', 1, 0);